Question,Answer
"How many days am I looking at if I decide to take the bus from here to Delhi?","55-70 hr"
"Is it even possible to bus it from here to Delhi, and how long does it take?","55-70 hr"
"What's the total travel time for a bus trip starting here and ending in Delhi?","55-70 hr"
"Could you provide the estimated transit duration for a bus journey from this location to Delhi?","55-70 hr"
"How much time should I budget for the road trip to Delhi if I go by bus?","55-70 hr"
"If I board a bus from here, how many hours will it take to reach Delhi?","55-70 hr"
"Hey, do you know how many days I'll be on the train if I head up to Delhi from here?","40-48 hr"
"Is the train ride from here to Delhi a total marathon, or is it manageable time-wise?","40-48 hr"
"What's the damage on travel time if I grab a train from here to Delhi?","40-48 hr"
"What is the official scheduled duration for the rail journey between here and Delhi?","40-48 hr"
"Could you provide the estimated arrival time if I board a Delhi-bound train from here?","40-48 hr"
"How much time should I account for when taking a train from here to reach Delhi?","40-48 hr"
"What's the travel time to Mumbai if I take a bus from here?","22-28 hr"
"How many hours does the train take to reach Mumbai from here?","20-26 hr"
"Is the bus to Mumbai faster than the train?","22-28 hr"
"How long is the bus to Mumbai?","22-28 hr"
"What is the train travel time to Mumbai?","20-26 hr"
"How many hours to Mumbai by train?","20-26 hr"
"What the best estimate for a bus ride from here to Mumbai?","22-28 hr"
"Can you tell me the duration of the train trip to Mumbai?","20-26 hr"
"If I leave for Mumbai by bus, when should I expect to arrive?","22-28 hr"
"I'm planning a train trip to Mumbai; how long will it take?","20-26 hr"
"How much time on the road for a bus to Mumbai?","22-28 hr"
"Directly, how many hours is the Mumbai train?","20-26 hr"
"If I catch a bus to Bangalore tonight, when will I arrive?","9-12 hr"
"What is the shortest train duration from here to Bangalore?","9-11 hr"
"How much time should I budget for a Bangalore bus trip?","9-12 hr"
"How long is the bus to Bangalore?","9-12 hr"
"What is the train travel time to Bangalore?","9-11 hr"
"How many hours to Bangalore by train?","9-11 hr"
"Is it a quick bus ride from here to Bangalore?","9-12 hr"
"What the official rail time for the Bangalore route?","9-11 hr"
"How many hours will I be on a bus heading to Bangalore?","9-12 hr"
"Do you have the travel time for the train to Bangalore?","9-11 hr"
"How long does the commute to Bangalore take by bus?","9-12 hr"
"Simple question: How long is the Bangalore train?","9-11 hr"
"What is the projected duration for a bus journey to Hyderabad?","18-22 hr"
"How many hours will I be on a train heading to Hyderabad?","20-24 hr"
"Is there a fast bus option to get to Hyderabad from here?","18-22 hr"
"How long is the bus to Hyderabad?","18-22 hr"
"What is the train travel time to Hyderabad?","20-24 hr"
"How many hours to Hyderabad by train?","20-24 hr"
"Tell me the travel duration for a bus to Hyderabad.","18-22 hr"
"What the rail time from here to Hyderabad?","20-24 hr"
"How long should I expect to be on a bus to Hyderabad?","18-22 hr"
"Is the train trip to Hyderabad a full day's journey?","20-24 hr"
"How many hours for a road trip to Hyderabad?","18-22 hr"
"Quickly, how long is the train to Hyderabad?","20-24 hr"
"How many hours does the bus take to get to Chennai?","10-14 hr"
"What is the official train schedule duration to Chennai?","10-13 hr"
"If I leave for Chennai by bus now, how long is the ride?","10-14 hr"
"How long is the bus to Chennai?","10-14 hr"
"What is the train travel time to Chennai?","10-13 hr"
"How many hours to Chennai by train?","10-13 hr"
"What is the average duration for a bus to Chennai?","10-14 hr"
"Could you estimate the train journey time to Chennai?","10-13 hr"
"How much time on the road for the Chennai bus?","10-14 hr"
"What's the clock time for a train from here to Chennai?","10-13 hr"
"How many hours am I looking at for the Chennai bus?","10-14 hr"
"Is the train to Chennai under 15 hours?","10-13 hr"
"What is the total time for a bus trip from here to Kolkata?","50-60 hr"
"How many days does the train to Kolkata usually take?","38-44 hr"
"Is a bus to Kolkata even feasible time-wise from here?","50-60 hr"
"How long is the bus to Kolkata?","50-60 hr"
"What is the train travel time to Kolkata?","38-44 hr"
"How many hours to Kolkata by train?","38-44 hr"
"Give me the transit time for a bus journey to Kolkata.","50-60 hr"
"What is the scheduled rail duration to Kolkata?","38-44 hr"
"If I take the bus to Kolkata, how many hours is it?","50-60 hr"
"How long will I be traveling if I go to Kolkata by train?","38-44 hr"
"What's the time commitment for a bus to Kolkata?","50-60 hr"
"Is the train to Kolkata more than 40 hours?","38-44 hr"